{
  "_fv": 60,
  "_type": "recipe",
  "definition": {
    "recipeType": "Crafting",
    "recipeRetstackSize": 1,
    "group": "",
    "cookingBookCategory": "MISC",
    "xpReward": 0.0,
    "cookingTime": 200,
    "craftingBookCategory": "MISC",
    "recipeShapeless": false,
    "recipeSlots": [
      {
        "value": ""
      },
      {
        "value": ""
      },
      {
        "value": ""
      },
      {
        "value": ""
      },
      {
        "value": "Items.FLINT_AND_STEEL"
      },
      {
        "value": ""
      },
      {
        "value": "Blocks.GLOWSTONE"
      },
      {
        "value": "Blocks.GLOWSTONE"
      },
      {
        "value": "Blocks.GLOWSTONE"
      }
    ],
    "recipeReturnStack": {
      "value": "CUSTOM:Aether"
    },
    "name": "aetherigniter",
    "namespace": "mod"
  }
}