{
  "_fv": 60,
  "_type": "item",
  "definition": {
    "renderType": 0,
    "texture": "glow_carrot",
    "customModelName": "Normal",
    "customProperties": {},
    "states": [],
    "name": "Glow Carrots",
    "rarity": "EPIC",
    "creativeTab": {
      "value": "FOOD"
    },
    "stackSize": 64,
    "enchantability": 49,
    "useDuration": 32,
    "toolType": 1.0,
    "damageCount": 0,
    "recipeRemainder": {
      "value": ""
    },
    "destroyAnyBlock": false,
    "immuneToFire": true,
    "stayInGridWhenCrafting": false,
    "damageOnCrafting": false,
    "enableMeleeDamage": false,
    "damageVsEntity": 0.0,
    "specialInformation": {
      "fixedValue": [
        "Glowing Carrot :D"
      ]
    },
    "glowCondition": {
      "fixedValue": true
    },
    "guiBoundTo": "<NONE>",
    "inventorySize": 9,
    "inventoryStackSize": 64,
    "enableRanged": false,
    "shootConstantly": false,
    "isFood": true,
    "nutritionalValue": 999,
    "saturation": 999.0,
    "eatResultItem": {
      "value": "Items.CARROT"
    },
    "isMeat": false,
    "isAlwaysEdible": true,
    "animation": "eat"
  }
}