{
  "_fv": 60,
  "_type": "tool",
  "definition": {
    "toolType": "Sword",
    "renderType": 0,
    "blockingRenderType": 0,
    "texture": "glowstone_sword",
    "customModelName": "Normal",
    "blockingModelName": "Normal blocking",
    "name": "Glowstone Sword",
    "specialInformation": {
      "fixedValue": []
    },
    "creativeTab": {
      "value": "COMBAT"
    },
    "harvestLevel": 6,
    "efficiency": 12.0,
    "attackSpeed": 1.0,
    "enchantability": 42,
    "damageVsEntity": 6.0,
    "usageCount": 1164,
    "blocksAffected": [],
    "repairItems": [
      {
        "value": "CUSTOM:SuperGlowstoneDust"
      }
    ],
    "immuneToFire": false,
    "stayInGridWhenCrafting": false,
    "damageOnCrafting": false
  }
}