{
  "_fv": 60,
  "_type": "achievement",
  "definition": {
    "achievementName": "The Aether",
    "achievementDescription": "Enter the Aether",
    "achievementIcon": {
      "value": "Blocks.GLOWSTONE"
    },
    "background": "Default",
    "disableDisplay": false,
    "showPopup": true,
    "announceToChat": true,
    "hideIfNotCompleted": false,
    "rewardLoot": [],
    "rewardRecipes": [],
    "rewardFunction": "No function",
    "rewardXP": 10,
    "achievementType": "goal",
    "parent": {
      "value": "No parent: root"
    },
    "triggerxml": "<?xml version=\"1.0\" encoding=\"UTF-8\" standalone=\"no\"?><xml xmlns=\"https://developers.google.com/blockly/xml\"><block deletable=\"false\" type=\"advancement_trigger\" x=\"40\" y=\"80\"><next><block type=\"dimension_entered\" x=\"140\" y=\"105\"><field name=\"dimension\">CUSTOM:Aether</field></block></next></block></xml>"
  }
}