{
  "_fv": 47,
  "_type": "achievement",
  "definition": {
    "achievementName": "The Aether",
    "achievementDescription": "Enter the Aether",
    "achievementIcon": {
      "value": "Blocks.GLOWSTONE"
    },
    "background": "Default",
    "disableDisplay": false,
    "showPopup": true,
    "announceToChat": true,
    "hideIfNotCompleted": false,
    "rewardLoot": [],
    "rewardRecipes": [],
    "rewardFunction": "No function",
    "rewardXP": 10,
    "achievementType": "goal",
    "parent": {
      "value": "No parent: root"
    },
    "triggerxml": "<xml xmlns=\"https://developers.google.com/blockly/xml\"><block type=\"dimension_entered\" x=\"140\" y=\"105\"><field name=\"dimension\">CUSTOM:Aether</field><next><block type=\"advancement_trigger\" deletable=\"false\"></block></next></block></xml>"
  }
}