{
  "display": {
    "background": "minecraft:textures/block/stone.png",
    "icon": {
      "item": "minecraft:glowstone"
    },
    "title": {
      "translate": "advancements.the_aether.title"
    },
    "description": {
      "translate": "advancements.the_aether.descr"
    },
    "frame": "goal",
    "show_toast": true,
    "announce_to_chat": true,
    "hidden": false
  },
  "criteria": {
    "the_aether": {
      "trigger": "minecraft:changed_dimension",
      "conditions": {
        "to": "aethermod:aether"
      }
    }
  },
  "rewards": {
    "experience": 10
  }
}