{
  "_fv": 43,
  "_type": "dimension",
  "definition": {
    "biomesInDimension": [
      {
        "value": "CUSTOM:LightZone"
      },
      {
        "value": "CUSTOM:GlowstoneMountains"
      }
    ],
    "worldGenType": "Normal world gen",
    "mainFillerBlock": {
      "value": "Blocks.GLOWSTONE"
    },
    "fluidBlock": {
      "value": "Blocks.FLOWING_WATER"
    },
    "canRespawnHere": true,
    "hasFog": false,
    "isDark": false,
    "doesWaterVaporize": false,
    "sleepResult": "ALLOW",
    "hasSkyLight": true,
    "imitateOverworldBehaviour": false,
    "onPlayerEntersDimension": {
      "name": "AetherPlayerEntersDimension"
    },
    "onPlayerLeavesDimension": {
      "name": "AetherPlayerLeavesDimension"
    },
    "portalFrame": {
      "value": "Blocks.GLOWSTONE"
    },
    "portalParticles": {
      "value": "PORTAL"
    },
    "portalLuminance": 3,
    "portalSound": {
      "value": "block.portal.ambient"
    },
    "enableIgniter": true,
    "igniterName": "Aether Igniter",
    "igniterTab": {
      "value": "MATERIALS"
    },
    "texture": "aether_igniter",
    "portalTexture": "aether_portal",
    "enablePortal": true
  }
}