{
  "type": "minecraft:crafting_shaped",
  "category": "equipment",
  "pattern": [
    "012",
    "3 5"
  ],
  "key": {
    "0": {
      "item": "aethermod:super_glowstone_dust"
    },
    "1": {
      "item": "aethermod:super_glowstone_dust"
    },
    "2": {
      "item": "aethermod:super_glowstone_dust"
    },
    "3": {
      "item": "aethermod:super_glowstone_dust"
    },
    "5": {
      "item": "aethermod:super_glowstone_dust"
    }
  },
  "result": {
    "item": "aethermod:glowstone_armor_helmet",
    "count": 1
  }
}